TaxNumCl_2023,Taxonomy,Common_Name,AlphaCode,Scientific_Name,NFA_new,NFA_min,NFA_max,NFA_Score,NFA_Uncertainty_pct,DFA_new,DFA_min,DFA_max,DFA_Score,DFA_Uncertainty_pct,FA_N&D,FA24,FA24_min,FA24_max,FA,FA_litSourceNo,FA_litSourceNo_rescaled,FA_valueRangeDif,FA_actVSsimSpp,uFA,uFA_old,FA_Reference,RSZt_new,RSZt_min,RSZt_max,RSZt_litSourceNo,RSZt_litSourceNo_rescaled,RSZt_valueRangeDif,RSZt_actVSsimSpp,uRSZt,RSZt_Score,RSZt_Uncertainty_pct,RSZt_Reference,MA_new,MA_min,MA_max,MA_litSourceNo,MA_litSourceNo_rescaled,MA_valueRangeDif,MA_actVSsimSpp,uMA,MA_Collision_Score,MA_Uncertainty_pct,MA_Reference,CV_new,uCV,CV_Best_Estimate_old,uCV_old
6756,Tropicbirds,Red-billed Tropicbird,RBTR,Phaethon aethereus,0.17,0.17,NA,NA,NA,0.58,0.51,0.65,NA,NA,0.375,0.26,0.25,0.39,0.318,2,0.667,0.14,0.5,0.436,NA,"similar spp: RTTR: Adams et al. 2020, Bonnet-Lebrun et al. 2021",0.706,0.706,NA,1,0.833,0,0.5,0.444,NA,NA,similar spp: RTTR: Adams et al. 2020,0.235,0.18,0.29,1,0.833,0.11,0.25,0.398,NA,NA,Robinson Willmott et al. 2013,0.17148,0.077,NA,0
6085,Phalaropes,Red Phalarope,REPH,Phalaropus fulicarius,0.218,NA,NA,3,0.5,0.435,0.39,0.48,3,0.5,0.326,0.71,0.65,0.77,0.518,5,0.167,0.12,0.5,0.262,0.5,"Adams et al. 2016, R. Carle pers. comm., Drew et al. 2005, Takekawa et al. 2017; similar spp: RNPH: van Bemmelen et al. 2016",0.42,0.09,0.75,1,0.833,0.66,0.5,0.664,1,0.5,Robinson Willmott et al. 2013,0.27,0.27,NA,1,0.833,0,0.75,0.528,3,0.5,similar spp: shorebirds: Krijgsveld et al. 2011,0.15886,0.092,7,0.125
6086,Phalaropes,Red-necked Phalarope,RNPH,Phalaropus lobatus,0.193,NA,NA,2,0.5,0.385,0.25,0.52,3,0.5,0.289,0.71,0.65,0.77,0.499,5,0.167,0.27,0.25,0.229,0.5,"Adams et al. 2016, R. Carle pers. comm., Drew et al. 2005, Takekawa et al. 2017,  van Bemmelen et al. 2016",0.42,0.09,0.75,1,0.833,0.66,0.25,0.581,1,0.5,Robinson Willmott et al. 2013,0.27,0.27,NA,1,0.833,0,0.75,0.528,3,0.5,similar spp: shorebirds: Krijgsveld et al. 2011,0.15311,0.07,6.33,0.125
296,Sea Ducks,Brant,BRAN,Branta bernicla,0.75,0.75,NA,1,0.5,0.75,0.75,NA,1,0.5,0.75,0.62,0.49,0.64,0.685,3,0.5,0.15,0.5,0.383,0.5,"Drew et al. 2005, Lewis et al. 2020; similar spp: geese: Weiser et al. 2024",0.31,0.18,0.42,2,0.667,0.24,0.5,0.469,5,0.25,"Robinson Willmott et al. 2013, Weiser et al. 2024",0.68,0.68,NA,1,0.833,0,0.25,0.361,1,0.25,Krijgsveld et al. 2011,0.06795,0.065,7,3.125
6543,Gulls,Glaucous-winged Gull,GWGU,Larus glaucescens,NA,NA,NA,3,0.5,0.56,0.4,0.62,3,0.5,NA,0.268,0.105,0.388,0.268,4,0.333,0.283,0.5,0.372,0.5,similar spp: BTGU: Park et al. 2024; HERG: VanDonk et al. 2018; LBBG: Brown et al. 2023; WEGU: Shaffer et al. 2017,0.35,0.038,0.473,9,0,0.435,0.5,0.312,5,0.1,"similar spp: HEEG/GBBG: Borkenhagen et al. 2018, Bradbury et al. 2014, Johnston and Cook 2016; GBBG: Cook et al. 2012, Furness et al. 2013, Johnston et al. 2014, Skov et al. 2018; SBGU: Mikami et al. 2022; gull spp: Cook et al. 2018",0.298,0,0.473,4,0.333,0.473,0.5,0.435,1,0.5,"similar spp: gulls: Cook et al. 2012, Krijgsveld et al. 2011; GBBG: Cook et al. 2014, Skov et al. 2018",0.06577,0.05,9,0.025
6470,Gulls,Heermanns Gull,HEEG,Larus heermanni,NA,NA,NA,2,0.5,0.23,0.14,0.32,3,0.5,NA,0.268,0.105,0.388,0.268,4,0.333,0.283,0.5,0.372,0.5,similar spp: BTGU: Park et al. 2024; HERG: VanDonk et al. 2018; LBBG: Brown et al. 2023; WEGU: Shaffer et al. 2017,0.266,0.038,0.66,10,0,0.622,0.5,0.374,5,0.25,"similar spp: LBBG: Bradbury et al. 2014, Borkenhagen et al. 2018, Johnston and Cook 2016, Ross-Smith et al. 2016, Skov et al. 2018; COGU/LBBG: Cook et al. 2012, Furness et al. 2013, Johnston et al. 2014; COGU:  BTGU: Mikami et al. 2022; gull spp: Cook et al. 2018",0.298,0,0.639,4,0.333,0.639,0.5,0.491,2,0.5,"similar spp: gulls: Cook et al. 2012, Krijgsveld et al. 2011; LBBG: Cook et al. 2014, Skov et al. 2018",0.04989,0.068,9.33,0.063
6477,Gulls,Short-billed Gull,SBIG,Larus brachyrhynchus,NA,NA,NA,2,0.5,0.34,0.32,0.34,3,0.5,NA,0.268,0.105,0.388,0.268,4,0.333,0.283,0.5,0.372,0.5,similar spp: BTGU: Park et al. 2024; HERG: VanDonk et al. 2018; LBBG: Brown et al. 2023; WEGU: Shaffer et al. 2017,0.266,0.038,0.66,10,0,0.622,0.5,0.374,5,0.25,"similar spp: LBBG: Bradbury et al. 2014, Borkenhagen et al. 2018, Johnston and Cook 2016, Ross-Smith et al. 2016, Skov et al. 2018; COGU/LBBG: Cook et al. 2012, Furness et al. 2013, Johnston et al. 2014; COGU: BTGU: Mikami et al. 2022; gull spp: Cook et al. 2018",0.298,0,0.639,4,0.333,0.639,0.5,0.491,2,0.5,"similar spp: gulls: Cook et al. 2012, Krijgsveld et al. 2011; LBBG: Cook et al. 2014, Skov et al. 2018",0.04989,0.068,9.33,0.063
6479,Gulls,Ring-billed Gull,RBGU,Larus delawarensis,NA,NA,NA,3,0.5,0.32,0.32,NA,3,0.5,NA,0.268,0.105,0.388,0.268,4,0.333,0.283,0.5,0.372,0.5,similar spp: BTGU: Park et al. 2024; HERG: VanDonk et al. 2018; LBBG: Brown et al. 2023; WEGU: Shaffer et al. 2017,0.266,0.038,0.66,10,0,0.622,0.5,0.374,5,0.25,"similar spp: LBBG: Bradbury et al. 2014, Borkenhagen et al. 2018, Johnston and Cook 2016, Ross-Smith et al. 2016, Skov et al. 2018; COGU/LBBG: Cook et al. 2012, Furness et al. 2013, Johnston et al. 2014; COGU: BTGU: Mikami et al. 2022; gull spp: Cook et al. 2018",0.298,0,0.639,4,0.333,0.639,0.5,0.491,2,0.5,"similar spp: gulls: Cook et al. 2012, Krijgsveld et al. 2011; LBBG: Cook et al. 2014, Skov et al. 2018",0.04989,0.068,10,0.063
6539,Gulls,California Gull,CAGU,Larus californicus,NA,NA,NA,2,0.5,0.37,0.24,0.5,3,0.5,NA,0.268,0.105,0.388,0.268,4,0.333,0.283,0.5,0.372,0.5,similar spp: BTGU: Park et al. 2024; HERG: VanDonk et al. 2018; LBBG: Brown et al. 2023; WEGU: Shaffer et al. 2017,0.266,0.038,0.66,10,0,0.622,0.5,0.374,5,0.25,"similar spp: LBBG: Bradbury et al. 2014, Borkenhagen et al. 2018, Johnston and Cook 2016, Ross-Smith et al. 2016, Skov et al. 2018; COGU/LBBG: Cook et al. 2012, Furness et al. 2013, Johnston et al. 2014; BTGU: Mikami et al. 2022; gull spp: Cook et al. 2018",0.298,0,0.639,4,0.333,0.639,0.5,0.491,2,0.5,"similar spp: gulls: Cook et al. 2012, Krijgsveld et al. 2011; LBBG: Cook et al. 2014, Skov et al. 2018",0.04989,0.068,9.33,0.063
6553,Gulls,Iceland Gull,ICGU,Larus glaucoides,NA,NA,NA,2,0.5,0.32,0.32,NA,3,0.5,NA,0.268,0.105,0.388,0.268,4,0.333,0.283,0.5,0.372,0.5,similar spp: BTGU: Park et al. 2024; HERG: VanDonk et al. 2018; LBBG: Brown et al. 2023; WEGU: Shaffer et al. 2017,0.266,0.038,0.66,10,0,0.622,0.5,0.374,5,0.25,"similar spp: LBBG: Bradbury et al. 2014, Borkenhagen et al. 2018, Johnston and Cook 2016, Ross-Smith et al. 2016, Skov et al. 2018; COGU/LBBG: Cook et al. 2012, Furness et al. 2013, Johnston et al. 2014; COGU: BTGU: Mikami et al. 2022; gull spp: Cook et al. 2018",0.298,0,0.639,4,0.333,0.639,0.5,0.491,2,0.5,"similar spp: gulls: Cook et al. 2012, Krijgsveld et al. 2011; LBBG: Cook et al. 2014, Skov et al. 2018",0.04989,0.068,9.33,0.063
6496,Gulls,Herring Gull,HERG,Larus argentatus,NA,NA,NA,3,0.25,0.46,0.32,0.46,2,0.5,NA,0.15,0.15,NA,0.15,1,0.833,0,0.25,0.361,0.375,VanDonk et al. 2018,0.35,0.038,0.73,8,0,0.692,0.5,0.397,5,0.1,"Bradbury et al. 2014, Borkenhagen et al. 2018, Cook et al. 2012, Furness et al. 2013, Johnston and Cook 2016, Skov et al. 2018; similar spp: Cook et al. 2018",0.298,0,0.473,3,0.5,0.473,0.5,0.491,1,0.5,"similar spp: gulls: Cook et al. 2012, Krijgsveld et al. 2011; GBBG: Cook et al. 2014, Skov et al. 2018",0.03688,0.07,9.67,0.019
6409,Gulls,Black-legged Kittiwake,BLKI,Rissa tridactyla,0.033,0.033,NA,3,0.25,0.625,0.48,0.77,3,0.25,NA,0.31,0.31,NA,0.31,1,0.833,0,0.25,0.361,0.25,Bonnet-Lebrun et al. 2021,0.157,0.043,0.77,11,0,0.727,0.25,0.326,5,0.25,"Bradbury et al. 2014, Borkenhagen et al. 2018, Busch and Garthe 2018, Cook et al. 2012, Cook et al. 2018, Furness et al. 2013, Humphries et al. 2023, Johnston et al. 2014, Johnston and Cook 2016, Skov et al. 2018",0.42,0,0.75,4,0.333,0.75,0.25,0.444,1,0.5,"Cook et al. 2012, Peschko et al. 2020b, Skov et al. 2018, Vanermen et al. 2017",0.02823,0.052,9,0.031
6485,Gulls,Western Gull,WEGU,Larus occidentalis,NA,NA,NA,3,0.5,0.335,0.22,0.53,3,0.5,NA,0.105,0.105,NA,0.105,1,0.833,0,0.25,0.361,0.5,Shaffer et al. 2017,0.35,0.038,0.473,9,0,0.435,0.5,0.312,5,0.1,"similar spp: HEEG/GBBG: Borkenhagen et al. 2018, Bradbury et al. 2014, Johnston and Cook 2016; GBBG: Cook et al. 2012, Furness et al. 2013, Johnston et al. 2014, Skov et al. 2018; SBGU: Mikami et al. 2022; gull spp: Cook et al. 2018",0.298,0,0.473,3,0.5,0.473,0.5,0.491,1,0.5,"similar spp: gulls: Cook et al. 2012, Krijgsveld et al. 2011; GBBG: Cook et al. 2014, Skov et al. 2018",0.02582,0.055,9,0.025
6718,Terns,Elegant Tern,ELTE,Thalasseus elegans,NA,NA,NA,1,0.5,0.77,0.67,0.87,5,0.5,NA,0.38,0.354,0.406,0.38,1,0.833,0.2,0.5,0.511,0.5,similar spp: CATE: Rueda-Uribe et al. 2022,0.1,0.036,0.32,7,0,0.284,0.5,0.261,5,0.5,"similar spp: Borkenhagen et al. 2018, Bradbury et al. 2014, Cook et al. 2012, Fijn and Collier 2022, Furness et al. 2013, Johnston et al. 2014, Johnston and Cook 2016",0.486,0.28,0.7,4,0.333,0.42,0.5,0.418,1,0.5,"similar spp: Cook et al. 2012; SATE: Harwood et al. 2017, Krijgsveld et al. 2011, van Bemmelen et al. 2023",0.01952,0.056,10.33,0.125
6725,Terns,Royal Tern,ROYT,Thalasseus maximus,NA,NA,NA,1,0.5,0.82,0.77,0.87,5,0.5,NA,0.38,0.354,0.406,0.38,1,0.833,0.1,0.5,0.478,0.5,similar spp: CATE: Rueda-Uribe et al. 2022,0.1,0.036,0.32,7,0,0.284,0.5,0.261,5,0.5,"similar spp: Borkenhagen et al. 2018, Bradbury et al. 2014, Cook et al. 2012, Fijn and Collier 2022, Furness et al. 2013, Johnston et al. 2014, Johnston and Cook 2016",0.486,0.28,0.7,4,0.333,0.42,0.5,0.418,1,0.5,"similar spp: Cook et al. 2012; SATE: Harwood et al. 2017, Krijgsveld et al. 2011, van Bemmelen et al. 2023",0.01952,0.052,10,0.125
6686,Terns,Common Tern,COTE,Sterna hirundo,NA,NA,NA,1,0.5,0.75,0.59,0.91,5,0.5,NA,0.38,0.354,0.406,0.38,1,0.833,0.32,0.5,0.551,0.5,similar spp: CATE: Rueda-Uribe et al. 2022,0.1,0.074,0.127,3,0.5,0.053,0.25,0.268,5,0.5,"Bradbury et al. 2014, Cook et al. 2012, Johnston et al. 2014",0.486,0.28,0.7,4,0.333,0.42,0.5,0.418,1,0.5,"similar spp: Cook et al. 2012; SATE: Harwood et al. 2017, Krijgsveld et al. 2011, van Bemmelen et al. 2023",0.01952,0.062,11,0.125
6318,Jaegers and Skuas,Long-tailed Jaeger,LTJA,Stercorarius longicaudus,0.05,NA,NA,1,0.25,0.84,0.84,NA,5,0.25,0.445,0.42,0.37,0.47,0.433,5,0.167,0.1,0.5,0.256,0.25,"Bonnet-Lebrun et al. 2021, Drew et al. 2005; similar spp: Adams et al. 2016, Takekawa et al. 2017; GRSK: Potiek et al. 2019",0.042,0.039,0.1,4,0.333,0.061,0.5,0.298,5,0.5,"similar spp: Bradbury et al. 2014, Cook et al. 2012, Johnston et al. 2014, Thaxter et al. 2015",0.14,0,0.28,2,0.667,0.28,0.5,0.482,5,0.5,"similar spp: skuas: Cook et al. 2012, Krijgsveld et al. 2011",0.01544,0.037,12.33,0.063
6567,Terns,Black Skimmer,BLSK,Rynchops niger,NA,NA,NA,1,0.5,0.865,0.8,0.93,5,0.1,NA,0.38,0.354,0.406,0.38,1,0.833,0.13,0.5,0.488,0.3,similar spp: CATE: Rueda-Uribe et al. 2022,0.078,0.037,0.505,5,0.167,0.467,0.5,0.378,5,0.5,"similar spp: Bradbury et al. 2014, Cook et al. 2012, Furness et al. 2013,  Johnston et al. 2014, Robinson Willmott et al. 2013",0.486,0.28,0.7,4,0.333,0.42,0.5,0.418,1,0.5,"similar spp: Cook et al. 2012; SATE: Harwood et al. 2017, Krijgsveld et al. 2011, van Bemmelen et al. 2023",0.01513,0.077,9,0.075
6657,Terns,Caspian Tern,CATE,Hydroprogne caspia,NA,NA,NA,5,0.1,0.865,0.8,0.93,5,0.1,NA,0.38,0.354,0.406,0.38,1,0.833,0.13,0.25,0.404,0.1,Rueda-Uribe et al. 2022,0.078,0.037,0.505,5,0.167,0.467,0.5,0.378,5,0.5,"similar spp: Bradbury et al. 2014, Cook et al. 2012, Furness et al. 2013, Harwood et al. 2018, Johnston et al. 2014, Robinson Willmott et al. 2013, Thaxter et al. 2015",0.486,0.28,0.7,4,0.333,0.42,0.5,0.418,1,0.5,"similar spp: Cook et al. 2012; SATE: Harwood et al. 2017, Krijgsveld et al. 2011, van Bemmelen et al. 2023",0.01513,0.064,11,0.025
6670,Terns,Forsters Tern,FOTE,Sterna forsteri,NA,NA,NA,1,0.5,0.69,0.4,0.98,5,0.5,NA,0.38,0.354,0.406,0.38,1,0.833,0.58,0.5,0.638,0.5,similar spp: CATE: Rueda-Uribe et al. 2022,0.078,0.037,0.505,5,0.167,0.467,0.5,0.378,5,0.5,"similar spp: Bradbury et al. 2014, Cook et al. 2012, Furness et al. 2013, Johnston et al. 2014, Robinson Willmott et al. 2013",0.486,0.28,0.7,4,0.333,0.42,0.5,0.418,1,0.5,"similar spp: Cook et al. 2012; SATE: Harwood et al. 2017, Krijgsveld et al. 2011, van Bemmelen et al. 2023",0.01513,0.101,11,0.125
6323,Jaegers and Skuas,Pomarine Jaeger,POJA,Stercorarius pomarinus,0.05,NA,NA,1,0.25,0.79,0.76,0.82,3,0.5,0.42,0.355,0.22,0.47,0.388,5,0.167,0.25,0.5,0.306,0.375,"Adams et al. 2016, Drew et al. 2005, Takekawa et al. 2017; similar spp: SPSK/LTJA: Bonnet-Lebrun et al. 2021; GRSK: Potiek et al. 2019",0.042,0.039,0.1,4,0.333,0.061,0.5,0.298,5,0.5,"similar spp: Bradbury et al. 2014, Cook et al. 2012, Johnston et al. 2014, Thaxter et al. 2015",0.14,0,0.28,2,0.667,0.28,0.5,0.482,5,0.5,"similar spp: skuas: Cook et al. 2012, Krijgsveld et al. 2011",0.01383,0.044,11.67,0.094
6321,Jaegers and Skuas,Parasitic Jaeger,PAJA,Stercorarius parasiticus,0.05,NA,NA,1,0.5,0.785,0.73,0.84,5,0.5,0.418,0.355,0.22,0.47,0.386,5,0.167,0.25,0.5,0.306,0.5,"Drew et al. 2005; similar spp: Adams et al. 2016, Takekawa et al. 2017; SPSK/LTJA: Bonnet-Lebrun et al. 2021; GRSK: Potiek et al. 2019",0.042,0.039,0.1,4,0.333,0.061,0.5,0.298,5,0.5,"similar spp: Bradbury et al. 2014, Cook et al. 2012, Johnston et al. 2014, Thaxter et al. 2015",0.14,0,0.28,2,0.667,0.28,0.5,0.482,5,0.5,"similar spp: skuas: Cook et al. 2012, Krijgsveld et al. 2011",0.01379,0.044,12.33,0.125
6415,Gulls,Sabines Gull,SAGU,Xema sabini,NA,NA,NA,2,0.5,0.78,0.65,0.91,3,0.5,NA,0.268,0.105,0.388,0.268,4,0.333,0.283,0.5,0.372,0.5,similar spp: BTGU: Park et al. 2024; HERG: VanDonk et al. 2018; LBBG: Brown et al. 2023; WEGU: Shaffer et al. 2017,0.07,0.038,0.18,5,0.167,0.142,0.5,0.27,5,0.25,"similar spp: BHGU: Furness et al. 2013; BHGU/LIGU: Bradbury et al. 2014, Cook et al. 2012, Johnston et al. 2014; gull spp: Cook et al. 2018",0.283,0,0.89,4,0.333,0.89,0.5,0.574,2,0.5,"similar spp: small gulls: Cook et al. 2014; gulls: Cook et al. 2012, Krijgsveld et al. 2011; LIGU: Vanermen et al. 2017",0.01333,0.058,9.33,0.063
6422,Gulls,Bonapartes Gull,BOGU,Chroicocephalus philadelphia,NA,NA,NA,2,0.5,0.365,0.32,0.41,3,0.5,NA,0.268,0.105,0.388,0.268,4,0.333,0.283,0.5,0.372,0.5,similar spp: BTGU: Park et al. 2024; HERG: VanDonk et al. 2018; LBBG: Brown et al. 2023; WEGU: Shaffer et al. 2017,0.07,0.038,0.18,5,0.167,0.142,0.5,0.27,5,0.25,"similar spp: BHGU: Furness et al. 2013; BHGU/LIGU: Bradbury et al. 2014, Cook et al. 2012, Johnston et al. 2014; gull spp: Cook et al. 2018",0.283,0,0.89,4,0.333,0.89,0.5,0.574,2,0.5,"similar spp: small gulls: Cook et al. 2014; gulls: Cook et al. 2012, Krijgsveld et al. 2011; LIGU: Vanermen et al. 2017",0.01333,0.058,9.33,0.063
6332,Jaegers and Skuas,South Polar Skua,SPSK,Stercorarius maccormicki,0.05,NA,NA,1,0.5,0.78,0.72,0.84,4,0.5,0.415,0.28,0.22,0.34,0.348,5,0.167,0.12,0.5,0.262,0.5,"Bonnet-Lebrun et al. 2021, Drew et al. 2005; similar spp: Adams et al. 2016, Takekawa et al. 2017; GRSK: Potiek et al. 2019",0.042,0.039,0.1,4,0.333,0.061,0.5,0.298,5,0.5,"similar spp: Bradbury et al. 2014, Cook et al. 2012, Johnston et al. 2014, Thaxter et al. 2015",0.14,0,0.28,2,0.667,0.28,0.5,0.482,5,0.5,"similar spp: skuas: Cook et al. 2012, Krijgsveld et al. 2011",0.0124,0.038,12,0.125
6638,Terns,Least Tern,LETE,Sternula antillarum,NA,NA,NA,1,0.5,0.61,0.61,NA,5,0.5,NA,0.38,0.354,0.406,0.38,1,0.833,0.052,0.5,0.462,0.5,similar spp: CATE: Rueda-Uribe et al. 2022,0.06,0.036,0.1,5,0.167,0.064,0.5,0.244,5,0.25,"similar spp: Bradbury et al. 2014, Cook et al. 2012, Furness et al. 2013, Johnston et al. 2014, Johnston and Cook 2016",0.486,0.28,0.7,4,0.333,0.42,0.5,0.418,1,0.5,"similar spp: Cook et al. 2012; SATE: Harwood et al. 2017, Krijgsveld et al. 2011, van Bemmelen et al. 2023",0.01171,0.047,8.33,0.063
6649,Terns,Gull-billed Tern,GBTE,Gelochelidon nilotica,NA,NA,NA,1,0.5,0.775,0.68,0.87,5,0.5,NA,0.38,0.354,0.406,0.38,1,0.833,0.19,0.5,0.508,0.5,similar spp: CATE: Rueda-Uribe et al. 2022,0.06,0.036,0.1,5,0.167,0.064,0.5,0.244,5,0.25,"similar spp: Bradbury et al. 2014, Cook et al. 2012, Furness et al. 2013, Johnston et al. 2014, Johnston and Cook 2016",0.486,0.28,0.7,4,0.333,0.42,0.5,0.418,1,0.5,"similar spp: Cook et al. 2012; SATE: Harwood et al. 2017, Krijgsveld et al. 2011, van Bemmelen et al. 2023",0.01171,0.052,11,0.063
6664,Terns,Black Tern,BLTE,Chlidonias niger,NA,NA,NA,1,0.5,0.775,0.68,0.87,5,0.5,NA,0.38,0.354,0.406,0.38,1,0.833,0.19,0.5,0.508,0.5,similar spp: CATE: Rueda-Uribe et al. 2022,0.06,0.036,0.1,5,0.167,0.064,0.5,0.244,5,0.25,"similar spp: Bradbury et al. 2014, Cook et al. 2012, Furness et al. 2013, Johnston et al. 2014, Johnston and Cook 2016",0.486,0.28,0.7,4,0.333,0.42,0.5,0.418,1,0.5,"similar spp: Cook et al. 2012; SATE: Harwood et al. 2017, Krijgsveld et al. 2011, van Bemmelen et al. 2023",0.01171,0.052,8.33,0.063
7168,Boobies,Red-footed Booby,RFBO,Sula sula,0.12,0.12,NA,NA,NA,0.71,0.71,NA,NA,NA,0.415,NA,NA,NA,0.415,1,0.833,0,0.25,0.361,NA,Adams et al. 2020,0.198,0.027,0.315,1,0.833,0,0.25,0.361,NA,NA,Adams et al. 2020,0.865,0.64,0.97,10,0,0.33,0.75,0.36,NA,NA,"similar spp: NOGA: Cook et al. 2012, Cook et al. 2014, Gauld et al. 2022, Krijgsveld et al. 2011, Peschko et al. 2021, Rehfisch et al. 2014, Skov et al. 2018, Vanermen et al. 2016, Vanermen et al. 2017, Vanermen et al. 2022",0.01109,0.047,NA,0
7288,Pelicans,American White Pelican,AWPE,Pelecanus erythrorhynchos,0.001,NA,NA,1,0.5,0.555,0.5,0.61,3,0.5,0.278,0.26,0.2,0.32,0.269,6,0,0.11,0.5,0.203,0.5,"Knopf and Evans 2020; similar spp: BRPE: Adams et al. 2016, Croll et al. 1986, Drew et al. 2005, D. Jaques pers. comm. 2024, Takekawa et al. 2017",0.305,0.21,0.4,1,0.833,0.19,0.75,0.591,5,0.5,Robinson Willmott et al. 2013,0.865,0.64,0.97,10,0,0.33,0.75,0.36,5,NA,"similar spp: NOGA: Cook et al. 2012, Cook et al. 2014, Gauld et al. 2022, Krijgsveld et al. 2011, Peschko et al. 2021, Rehfisch et al. 2014, Skov et al. 2018, Vanermen et al. 2016, Vanermen et al. 2017, Vanermen et al. 2022",0.01108,0.043,11.67,0
7289,Pelicans,Brown Pelican,BRPE,Pelecanus occidentalis,0.001,NA,NA,1,0.25,0.555,0.5,0.61,3,0.25,0.278,0.26,0.2,0.32,0.269,5,0.167,0.11,0.25,0.176,0.25,"Adams et al. 2016, Croll et al. 1986, Drew et al. 2005, D. Jaques pers. comm. 2024, Takekawa et al. 2017",0.305,0.21,0.4,1,0.833,0.19,0.75,0.591,5,0.5,Robinson Willmott et al. 2013,0.865,0.64,0.97,10,0,0.33,0.75,0.36,5,NA,"similar spp: NOGA: Cook et al. 2012, Cook et al. 2014, Gauld et al. 2022, Krijgsveld et al. 2011, Peschko et al. 2021, Rehfisch et al. 2014, Skov et al. 2018, Vanermen et al. 2016, Vanermen et al. 2017, Vanermen et al. 2022",0.01108,0.037,11.67,0
6830,Albatross,Short-tailed Albatross,STAL,Phoebastria albatrus,0.617,0.605,0.63,3,0.5,0.73,0.73,NA,4,0.5,0.674,NA,0.31,0.77,0.674,4,0.333,0.025,0.25,0.203,0.5,"similar spp: Adams et al. 2016, Adams et al. 2020, Drew et al. 2005, Takekawa et al. 2017",0.026,0.026,NA,1,0.833,0,0.5,0.444,3,0.5,similar spp: Adams et al. 2020,0.39,0.28,0.5,2,0.667,0.22,0.5,0.462,1,0.5,similar spp: Cook et al. 2012; NOFU: Krijgsveld et al. 2011,0.01056,0.042,7.33,0.125
6827,Albatross,Laysan Albatross,LAAL,Phoebastria immutabilis,0.595,0.56,0.63,4,0.25,0.75,0.63,0.82,4,0.5,0.673,NA,0.31,0.77,0.673,3,0.5,0.19,0.25,0.313,0.375,"Adams et al. 2020, Conners et al. 2015, Drew et al. 2005",0.026,0.026,NA,1,0.833,0,0.25,0.361,3,0.5,Adams et al. 2020,0.39,0.28,0.5,2,0.667,0.22,0.5,0.462,1,0.5,similar spp: Cook et al. 2012; NOFU: Krijgsveld et al. 2011,0.01054,0.052,8,0.094
6828,Albatross,Black-footed Albatross,BFAL,Phoebastria nigripes,0.65,0.65,NA,4,0.25,0.68,0.63,0.79,4,0.5,0.665,NA,0.31,0.77,0.665,5,0.167,0.16,0.5,0.276,0.375,"Adams et al. 2016, Conners et al. 2015, Drew et al. 2005, Takekawa et al. 2017; similar spp: LAAL: Adams et al. 2020",0.026,0.026,NA,1,0.833,0,0.5,0.444,3,0.5,similar spp: Adams et al. 2020,0.39,0.28,0.5,2,0.667,0.22,0.5,0.462,1,0.5,similar spp: Cook et al. 2012; NOFU: Krijgsveld et al. 2011,0.01043,0.057,8,0.094
728,Sea Ducks,Red-breasted Merganser,RBME,Mergus serrator,0.001,NA,NA,1,0.1,0.214,0.21,NA,1,0.1,0.107,NA,NA,NA,0.107,2,0.667,0,0.25,0.306,0.1,"Craik et al. 2020, Drew et al. 2005",0.273,0.02,0.347,3,0.5,0.327,0.5,0.442,5,0.5,"similar spp: COEI: Bradbury et al. 2014, Johnston et al. 2014, Thaxter et al. 2015",0.735,0.71,0.758,2,0.667,0.048,0.75,0.488,2,0.5,"similar spp: seaducks: Cook et al. 2012, Krijgsveld et al. 2011",0.00777,0.066,8,0.025
6892,Storm-Petrels,Leachs Storm-Petrel,LESP,Hydrobates leucorhous,0.727,0.52,0.82,4,0.25,0.55,0.313,0.97,3,0.25,NA,0.62,0.5,0.71,0.62,1,0.833,0.21,0.25,0.431,0.25,Bonnet-Lebrun et al. 2021,0.02,0.02,NA,1,0.833,0.02,0.25,0.368,1,0.1,Bradbury et al. 2014,0.39,0.28,0.5,2,0.667,0.22,0.5,0.462,1,0.5,similar spp: Cook et al. 2012; NOFU: Krijgsveld et al. 2011,0.00756,0.073,5.67,0.013
720,Sea Ducks,Common Merganser,COME,Mergus merganser,0.001,NA,NA,1,0.25,0.188,0.19,NA,1,0.25,0.095,NA,NA,NA,0.095,2,0.667,0,0.25,0.306,0.25,"Pearce et al. 2020, Drew et al. 2005",0.273,0.02,0.347,3,0.5,0.327,0.5,0.442,5,0.5,"similar spp: COEI: Bradbury et al. 2014, Johnston et al. 2014, Thaxter et al. 2015",0.735,0.71,0.758,2,0.667,0.048,0.75,0.488,2,0.5,"similar spp: seaducks: Cook et al. 2012, Krijgsveld et al. 2011",0.00685,0.066,8,0.063
6853,Storm-Petrels,Wilsons Storm-Petrel,WISP,Oceanites oceanicus,0.727,0.52,0.82,4,0.25,0.55,0.313,0.98,3,0.25,0.639,0.61,0.5,0.71,0.624,7,0,0.667,0.5,0.389,0.25,"similar spp: Adams et al. 2016, Drew et al. 2005, Takekawa et al. 2017; LESP: Bonnet-Lebrun et al. 2021, CFSP: Medrano et al. 2022, Medrano et al. 2024; EUSP: Militao et al. 2022",0.016,0,0.013,1,0.833,0.013,0.25,0.365,1,0.5,Bradbury et al. 2014,0.39,0.28,0.5,2,0.667,0.22,0.5,0.462,1,0.5,similar spp: Cook et al. 2012; NOFU: Krijgsveld et al. 2011,0.00619,0.066,5.67,0.063
6902,Storm-Petrels,Ashy Storm-Petrel,ASSP,Hydrobates homochroa,0.727,0.52,0.82,4,0.5,0.55,0.313,0.98,3,0.5,0.639,0.61,0.5,0.71,0.624,7,0,0.667,0.5,0.389,0.5,"Adams et al. 2016,  Drew et al. 2005, Takekawa et al. 2017; similar spp: Medrano et al. 2024; LESP: Bonnet-Lebrun et al. 2021, CFSP: Medrano et al. 2022, EUSP: Militao et al. 2022",0.016,0.013,0.02,2,0.667,0.008,0.5,0.391,1,0.1,similar spp: EUSP: Deakin et al. 2022; LESP/EUSP: Bradbury et al. 2014,0.39,0.28,0.5,2,0.667,0.22,0.5,0.462,1,0.5,similar spp: Cook et al. 2012; NOFU: Krijgsveld et al. 2011,0.00619,0.07,5.67,0.025
6888,Storm-Petrels,Fork-tailed Storm-Petrel,FTSP,Hydrobates furcatus,0.727,0.52,0.82,4,0.5,0.55,0.313,0.98,3,0.5,0.639,0.61,0.5,0.71,0.62,7,0,0.667,0.5,0.389,0.5,"similar spp: Adams et al. 2016, Drew et al. 2005, Takekawa et al. 2017; LESP: Bonnet-Lebrun et al. 2021, CVSP: Medrano et al. 2022, Medrano et al. 2024; EUSP: Militao et al. 2022",0.016,0.013,0.02,2,0.667,0.008,0.5,0.391,1,0.1,similar spp: EUSP: Deakin et al. 2022; LESP/EUSP: Bradbury et al. 2014,0.39,0.28,0.5,2,0.667,0.22,0.5,0.462,1,0.5,similar spp: Cook et al. 2012; NOFU: Krijgsveld et al. 2011,0.00615,0.07,5.67,0.025
7172,Boobies,Cocos Booby,COBO,Sula brewsteri,0.01,0.01,NA,NA,NA,0.445,0.21,0.68,NA,NA,0.228,NA,NA,NA,0.228,2,0.667,0.47,0.25,0.462,NA,"Adams et al. 2020, Drew et al. 2005",0.198,0.034,0.315,1,0.833,0,0.25,0.361,NA,NA,Adams et al. 2020,0.865,0.64,0.97,10,0,0.33,0.75,0.36,NA,NA,"similar spp: NOGA: Cook et al. 2012, Cook et al. 2014, Gauld et al. 2022, Krijgsveld et al. 2011, Peschko et al. 2021, Rehfisch et al. 2014, Skov et al. 2018, Vanermen et al. 2016, Vanermen et al. 2017, Vanermen et al. 2022",0.00608,0.06,NA,0
6913,Storm-Petrels,Black Storm-Petrel,BLSP,Hydrobates melania,0.727,0.52,0.82,4,0.5,0.44,0.313,0.98,3,0.5,0.583,0.61,0.5,0.71,0.597,5,0.167,0.667,0.5,0.445,0.5,"Drew et al. 2005, similar spp: Medrano et al. 2024; LESP: Bonnet-Lebrun et al. 2021, CFSP: Medrano et al. 2022, EUSP: Militao et al. 2022",0.016,0.013,0.02,2,0.667,0.008,0.5,0.391,1,0.1,similar spp: EUSP: Deakin et al. 2022; LESP/EUSP: Bradbury et al. 2014,0.39,0.28,0.5,2,0.667,0.22,0.5,0.462,1,0.5,similar spp: Cook et al. 2012; NOFU: Krijgsveld et al. 2011,0.00591,0.08,5.67,0.025
6919,Storm-Petrels,Least Storm-Petrel,LSTP,Hydrobates microsoma,0.727,0.52,0.82,4,0.25,0.44,0.313,0.98,3,0.25,0.583,0.61,0.5,0.71,0.597,5,0.167,0.667,0.5,0.445,0.25,"Drew et al. 2005; similar spp: Medrano et al. 2024; LESP: Bonnet-Lebrun et al. 2021, CFSP: Medrano et al. 2022, EUSP: Militao et al. 2022",0.016,0.013,0.02,2,0.667,0.008,0.5,0.391,1,0.1,similar spp: EUSP: Deakin et al. 2022; LESP/EUSP: Bradbury et al. 2014,0.39,0.28,0.5,2,0.667,0.22,0.5,0.462,1,0.5,similar spp: Cook et al. 2012; NOFU: Krijgsveld et al. 2011,0.00591,0.08,5.67,0.013
7183,Boobies,Nazca Booby,NABO,Sula granti,0.065,0.01,0.12,NA,NA,0.63,0.21,0.71,NA,NA,0.348,NA,NA,NA,0.348,8,0,0.5,0.5,0.333,NA,"Cuccaro Diaz et al. 2020, similar spp: Adams et al. 2020, MABO: Weimerskirch et al. 2008, BRBO: Kohno et al. 2019, RFBO: Weimerskirch et al. 2005, NOGA: Brabant and Vanermen 2020, Potiek et al. 2019, Furness et al. 2018",0.126,0.027,0.315,8,0,0.288,0.5,0.263,NA,NA,"similar spp: RFBO/BRBO: Adams et al. 2020; NOGA: Bradbury et al. 2014, Borkenhagen et al. 2018, Cook et al. 2018, Humphries et al. 2023, Johnston et al. 2014, Johnston and Cook 2016, Skov et al. 2018",0.865,0.64,0.97,10,0,0.33,0.75,0.36,NA,NA,"similar spp: NOGA: Cook et al. 2012, Cook et al. 2014, Gauld et al. 2022, Krijgsveld et al. 2011, Peschko et al. 2021, Rehfisch et al. 2014, Skov et al. 2018, Vanermen et al. 2016, Vanermen et al. 2017, Vanermen et al. 2022",0.00591,0.032,NA,0
7186,Boobies,Blue-footed Booby,BFBO,Sula nebouxii,0.065,0.01,0.12,NA,NA,0.63,0.21,0.71,NA,NA,0.348,NA,NA,NA,0.348,8,0,0.5,0.5,0.333,NA,"Hernandez Diaz and Salazar Gomez 2020, similar spp: Adams et al. 2020, MABO: Weimerskirch et al. 2008, BRBO: Kohno et al. 2019, RFBO: Weimerskirch et al. 2005, NOGA: Brabant and Vanermen 2020, Potiek et al. 2019, Furness et al. 2018",0.126,0.027,0.315,8,0,0.288,0.5,0.263,NA,NA,"similar spp: RFBO/BRBO: Adams et al. 2020; NOGA: Bradbury et al. 2014, Borkenhagen et al. 2018, Cook et al. 2018, Humphries et al. 2023, Johnston et al. 2014, Johnston and Cook 2016, Skov et al. 2018",0.865,0.64,0.97,10,0,0.33,0.75,0.36,NA,NA,"similar spp: NOGA: Cook et al. 2012, Cook et al. 2014, Gauld et al. 2022, Krijgsveld et al. 2011, Peschko et al. 2021, Rehfisch et al. 2014, Skov et al. 2018, Vanermen et al. 2016, Vanermen et al. 2017, Vanermen et al. 2022",0.00591,0.032,NA,0
700,Sea Ducks,Long-tailed Duck,LTDU,Clangula hyemalis,0.001,NA,NA,4,0.5,0.161,0.16,NA,3,0.25,0.081,NA,NA,NA,0.081,2,0.667,0,0.25,0.306,0.375,"Drew et al. 2005, Robertson and Savard 2020",0.273,0.02,0.347,3,0.5,0.327,0.5,0.442,5,0.5,"similar spp: COEI: Bradbury et al. 2014, Johnston et al. 2014, Thaxter et al. 2015",0.735,0.71,0.758,2,0.667,0.048,0.75,0.488,1,0.25,"similar spp: seaducks: Cook et al. 2012, Krijgsveld et al. 2011",0.00588,0.066,5.67,0.047
7177,Boobies,Masked Booby,MABO,Sula dactylatra,0.065,0.01,0.12,NA,NA,0.58,0.58,NA,NA,NA,0.323,NA,NA,NA,0.323,2,0.667,0.11,0.5,0.426,NA,"Weimerskirch et al. 2008, similar spp: Adams et al. 2020",0.126,0.027,0.315,8,0,0.288,0.5,0.263,NA,NA,"similar spp: RFBO/BRBO: Adams et al. 2020; NOGA: Bradbury et al. 2014, Borkenhagen et al. 2018, Cook et al. 2018, Humphries et al. 2023, Johnston et al. 2014, Johnston and Cook 2016, Skov et al. 2018",0.865,0.64,0.97,10,0,0.33,0.75,0.36,NA,NA,"similar spp: NOGA: Cook et al. 2012, Cook et al. 2014, Gauld et al. 2022, Krijgsveld et al. 2011, Peschko et al. 2021, Rehfisch et al. 2014, Skov et al. 2018, Vanermen et al. 2016, Vanermen et al. 2017, Vanermen et al. 2022",0.00549,0.04,NA,0
6895,Storm-Petrels,Townsends Storm-Petrel,TOSP,Hydrobates socorroensis,0.727,0.727,NA,4,NA,0.313,0.313,NA,3,NA,0.52,NA,0.5,0.71,0.52,1,0.833,0.667,0.25,0.583,NA,Medrano et al. 2024,0.016,0.013,0.02,2,0.667,0.008,0.5,0.391,1,0.1,similar spp: EUSP: Deakin et al. 2022; LESP/EUSP: Bradbury et al. 2014,0.39,0.28,0.5,2,0.667,0.22,0.5,0.462,NA,NA,similar spp: Cook et al. 2012; NOFU: Krijgsveld et al. 2011,0.00515,0.106,NA,0
687,Sea Ducks,Harlequin Duck,HADU,Histrionicus histrionicus,0.001,NA,NA,5,0.5,0.128,0.13,NA,5,0.5,0.064,NA,NA,NA,0.064,2,0.667,0,0.25,0.306,0.5,"Drew et al. 2005, Robertson and Goudie 2020",0.273,0.02,0.347,3,0.5,0.327,0.5,0.442,5,0.5,"similar spp: COEI: Bradbury et al. 2014, Johnston et al. 2014, Thaxter et al. 2015",0.735,0.71,0.758,2,0.667,0.048,0.75,0.488,1,0.25,"similar spp: seaducks: Cook et al. 2012, Krijgsveld et al. 2011",0.00465,0.066,7,0.063
6672,Terns,Arctic Tern,ARTE,Sterna paradisaea,NA,NA,NA,1,0.5,0.95,0.91,0.98,5,0.5,NA,0.38,0.354,0.406,0.38,1,0.833,0.07,0.5,0.468,0.5,similar spp: CATE: Rueda-Uribe et al. 2022,0.014,0,0.028,2,0.667,0.028,0.25,0.315,5,0.5,"Cook et al. 2012, Johnston et al. 2014",0.486,0.28,0.7,4,0.333,0.42,0.5,0.418,1,0.5,"similar spp: Cook et al. 2012; SATE: Harwood et al. 2017, Krijgsveld et al. 2011, van Bemmelen et al. 2023",0.00273,0.062,11,0.125
6772,Loons,Pacific Loon,PALO,Gavia pacifica,0.001,0,NA,1,0.5,0.4,0.4,NA,3,0.5,0.201,NA,NA,NA,0.201,5,0.167,0,0.5,0.222,0.5,"Adams et al. 2016, Drew et al. 2005,  Takekawa et al. 2017;similar spp: COLO: Paruk et al. 2008; RTLO: Heinanen et al. 2020",0.061,0.05,0.13,5,0.167,0.08,0.5,0.249,3,0.5,"similar spp: RTLO: Bradbury et al. 2014, Cook et al. 2012, Furness et al. 2013, Johnston et al. 2014, Thaxter et al. 2015",0.81,0.6,0.94,5,0.167,0.34,0.5,0.336,1,0.1,"similar spp: divers: Cook et al. 2012, Garthe et al. 2023, Krijgsveld et al. 2011, Welcker and Nehls 2016; RTLO: Vanermen et al. 2022",0.00231,0.019,3.67,0.025
6768,Loons,Red-throated Loon,RTLO,Gavia stellata,0.001,0,NA,1,0.25,0.36,0.36,NA,2,0.25,0.181,NA,NA,NA,0.181,5,0.167,0,0.5,0.222,0.25,"Adams et al. 2016, Drew et al. 2005, Heinanen et al. 2020, Takekawa et al. 2017; similar spp: COLO: Paruk et al. 2008",0.061,0.05,0.13,5,0.167,0.08,0.25,0.166,3,0.5,"Bradbury et al. 2014, Borkenhagen et al. 2018, Furness et al. 2013, Johnston et al. 2014, Thaxter et al. 2015",0.81,0.81,NA,1,0.833,0,0.25,0.361,1,0.1,Vanermen et al. 2022,0.00208,0.013,5.33,0.013
6775,Loons,Yellow-billed Loon,YBLO,Gavia adamsii,0.001,0,NA,1,0.5,0.35,0.35,NA,2,0.5,0.176,NA,NA,NA,0.176,5,0.167,0,0.5,0.222,0.5,"Adams et al. 2016, Drew et al. 2005, Takekawa et al. 2017; similar spp: COLO: Paruk et al. 2008; RTLO: Heinanen et al. 2020",0.061,0.05,0.13,5,0.167,0.08,0.5,0.249,3,0.5,"similar spp: RTLO: Bradbury et al. 2014, Cook et al. 2012, Furness et al. 2013, Johnston et al. 2014, Thaxter et al. 2015",0.81,0.6,0.94,5,0.167,0.34,0.5,0.336,1,0.1,"similar spp: divers: Cook et al. 2012, Garthe et al. 2023, Krijgsveld et al. 2011, Welcker and Nehls 2016; RTLO: Vanermen et al. 2022",0.00203,0.019,3.33,0.025
1852,Grebes,Eared Grebe,EAGR,Podiceps nigricollis,0.15,0.15,NA,3,0.5,0.035,0,0.07,1,0.5,0.093,NA,NA,NA,0.093,5,0.167,0.07,0.25,0.162,0.5,"Adams et al. 2016, Cullen et al. 2020, Drew et al. 2005, Felis pers. comm., Takekawa et al. 2017",0.03,0.02,0.04,2,0.667,0.02,0.5,0.396,3,0.5,"similar spp: Bradbury et al. 2014, Furness et al. 2013",0.39,0.28,0.5,2,0.667,0.22,0.5,0.462,1,0.5,"similar spp: grebes: Cook et al. 2012, Krijgsveld et al. 2011",0.00169,0.03,6.33,0.125
7253,Cormorants,Double-crested Cormorant,DCCO,Nannopterum auritum,0.001,NA,NA,1,0.1,0.07,0.07,NA,5,0.1,0.036,0.016,0.011,0.021,0.026,5,0.167,0.01,0.25,0.142,0.1,"Adams et al. 2016, Drew et al. 2005, Dorr et al. 2021, King et al. 1995, Takekawa et al. 2017",0.08,0.045,0.124,5,0.167,0.079,0.5,0.249,3,0.25,"similar spp: Thaxter et al. 2015, EUSH: Bradbury et al. 2014, Cook et al. 2012, Furness et al. 2013, Johnston et al. 2014",0.205,0.18,0.23,2,0.667,0.05,0.5,0.406,3,0.5,"similar spp: cormorants: Cook et al. 2012, Krijgsveld et al. 2011",0.00164,0.014,8.33,0.013
1842,Grebes,Horned Grebe,HOGR,Podiceps auritus,0.15,0.15,NA,3,0.5,0.025,0,0.05,2,0.5,0.088,NA,NA,NA,0.088,5,0.167,0.05,0.25,0.156,0.5,"Adams et al. 2016, Drew et al. 2005, Felis pers. comm., Stedman 2020, Takekawa et al. 2017",0.03,0.02,0.04,2,0.667,0.02,0.5,0.396,3,0.5,"similar spp: Bradbury et al. 2014, Furness et al. 2013",0.39,0.28,0.5,2,0.667,0.22,0.5,0.462,1,0.5,"similar spp: grebes: Cook et al. 2012, Krijgsveld et al. 2011",0.0016,0.028,6.67,0.125
1845,Grebes,Red-necked Grebe,RNGR,Podiceps grisegena,0.15,0.15,NA,3,0.5,0.02,0,0.04,1,0.5,0.085,NA,NA,NA,0.085,5,0.167,0.04,0.25,0.152,0.5,"Adams et al. 2016, Drew et al. 2005, Felis pers. comm., Takekawa et al. 2017, Stout and Nuechterlein 2020",0.03,0.02,0.04,2,0.667,0.02,0.5,0.396,3,0.5,"similar spp: Bradbury et al. 2014, Furness et al. 2013",0.39,0.28,0.5,2,0.667,0.22,0.5,0.462,1,0.5,"similar spp: grebes: Cook et al. 2012, Krijgsveld et al. 2011",0.00156,0.028,6.33,0.125
6351,Alcids,Parakeet Auklet,PAAU,Aethia psittacula,0.027,0.001,0.054,1,0.5,0.43,0.43,NA,1,0.5,0.229,NA,0.033,0.038,0.229,4,0.333,0,0.5,0.278,0.5,Drew et al. 2005; similar spp: COMU: Dunn et al. 2020; LIAU: Jakubas et al. 2014; RAZO: Benvenuti et al. 2001,0.02,0.003,0.03,4,0.333,0.027,0.5,0.287,1,0.5,"similar spp: LIAU: Bradbury et al. 2014, Cook et al. 2012, Johnston et al. 2014; COMU: Furness et al. 2013",0.68,0.45,0.72,7,0,0.27,0.5,0.257,1,0.25,"similar spp: alcids: Cook et al. 2012, Krijgsveld et al. 2011; COMU: Peschko et al. 2020a, Peschko et al. 2020b, Vanermen et al. 2016, Vanermen et al. 2017, Vanermen et al. 2022",0.00146,0.02,3,0.063
1864,Grebes,Western Grebe,WEGR,Aechmophorus occidentalis,0.15,0.15,NA,3,0.5,0.005,0,0.01,1,0.5,0.078,NA,NA,NA,0.078,5,0.167,0.01,0.25,0.142,0.5,"Adams et al. 2016, Drew et al. 2005, Felis pers. comm., LaPorte et al. 2020b, Takekawa et al. 2017",0.03,0.02,0.04,2,0.667,0.02,0.5,0.396,3,0.5,"similar spp: Bradbury et al. 2014, Furness et al. 2013",0.39,0.28,0.5,2,0.667,0.22,0.5,0.462,1,0.5,"similar spp: grebes: Cook et al. 2012, Krijgsveld et al. 2011",0.00142,0.026,6.33,0.125
1867,Grebes,Clarks Grebe,CLGR,Aechmophorus clarkii,0.15,0.15,NA,3,0.5,0,0,NA,1,0.5,0.075,NA,NA,NA,0.075,5,0.167,0,0.25,0.139,0.5,"Adams et al. 2016, Drew et al. 2005, Felis pers. comm., LaPorte et al. 2020a, Takekawa et al. 2017",0.03,0.02,0.04,2,0.667,0.02,0.5,0.396,3,0.5,"similar spp: Bradbury et al. 2014, Furness et al. 2013",0.39,0.28,0.5,2,0.667,0.22,0.5,0.462,1,0.5,"similar spp: grebes: Cook et al. 2012, Krijgsveld et al. 2011",0.00137,0.025,6.33,0.125
7216,Cormorants,Brandts Cormorant,BRAC,Urile penicillatus,0.001,NA,NA,1,0.5,0.04,0.02,0.14,3,0.5,0.021,0.016,0.011,0.021,0.018,7,0,0.12,0.5,0.207,0.5,"Adams et al. 2016, Drew et al. 2005, Takekawa et al. 2017, Wallace and Wallace 2021; similar spp: Ryan et al. 2009; DCCO: King et al. 1995; GRCO: Gremillet and Wilson 1999",0.08,0.045,0.124,5,0.167,0.079,0.5,0.249,3,0.25,"similar spp: Thaxter et al. 2015, EUSH: Bradbury et al. 2014, Cook et al. 2012, Furness et al. 2013, Johnston et al. 2014",0.205,0.18,0.23,2,0.667,0.05,0.5,0.406,3,0.5,"similar spp: cormorants: Cook et al. 2012, Krijgsveld et al. 2011",0.00116,0.021,7.67,0.063
7218,Cormorants,Pelagic Cormorant,PECO,Urile pelagicus,0.001,NA,NA,1,0.5,0.04,0.02,0.14,3,0.5,0.021,0.016,0.011,0.021,0.018,6,0,0.12,0.5,0.207,0.5,"Adams et al. 2016, Drew et al. 2005, Takekawa et al. 2017; similar spp: Ryan et al. 2009; GRCO: Gremillet and Wilson 1999; DCCO: King et al. 1995",0.08,0.045,0.124,5,0.167,0.079,0.5,0.249,3,0.25,"similar spp: Thaxter et al. 2015, EUSH: Bradbury et al. 2014, Cook et al. 2012, Furness et al. 2013, Johnston et al. 2014",0.205,0.18,0.23,2,0.667,0.05,0.5,0.406,3,0.5,"similar spp: cormorants: Cook et al. 2012, Krijgsveld et al. 2011",0.00116,0.021,7.67,0.063
6393,Alcids,Ancient Murrelet,ANMU,Synthliboramphus antiquus,0.027,0.001,0.054,2,0.5,0.315,0.38,0.25,1,0.5,0.171,NA,0.033,0.038,0.171,6,0,0.13,0.5,0.21,0.5,"Adams et al. 2016, Drew et al. 2005, Takekawa et al. 2017; similar spp: COMU: Dunn et al. 2020; LIAU: Jakubas et al. 2014; RAZO: Benvenuti et al. 2001",0.02,0.003,0.03,4,0.333,0.027,0.5,0.287,1,0.5,"similar spp: LIAU: Bradbury et al. 2014, Cook et al. 2012, Johnston et al. 2014; COMU: Furness et al. 2013",0.68,0.45,0.72,7,0,0.27,0.5,0.257,1,0.25,"similar spp: alcids: Cook et al. 2012, Krijgsveld et al. 2011; COMU: Peschko et al. 2020a, Peschko et al. 2020b, Vanermen et al. 2016, Vanermen et al. 2017, Vanermen et al. 2022",0.0011,0.015,3.67,0.063
6345,Alcids,Cassins Auklet,CAAU,Ptychoramphus aleuticus,0.027,0.001,0.054,2,0.5,0.23,0.17,0.29,1,0.5,0.129,NA,0.033,0.038,0.129,7,0,0.12,0.5,0.207,0.5,"Adams et al. 2016, Ainley et al. 2020, Drew et al. 2005, Takekawa et al. 2017; similar spp: COMU: Dunn et al. 2020; LIAU: Jakubas et al. 2014; RAZO: Benvenuti et al. 2001",0.02,0.003,0.03,4,0.333,0.027,0.5,0.287,1,0.5,"similar spp: LIAU: Bradbury et al. 2014, Cook et al. 2012, Johnston et al. 2014; COMU: Furness et al. 2013",0.68,0.45,0.72,7,0,0.27,0.5,0.257,1,0.25,"similar spp: alcids: Cook et al. 2012, Krijgsveld et al. 2011; COMU: Peschko et al. 2020a, Peschko et al. 2020b, Vanermen et al. 2016, Vanermen et al. 2017, Vanermen et al. 2022",0.00082,0.015,3.67,0.063
6976,Petrels and Fulmars,Hawaiian Petrel,HAPE,Pterodroma sandwichensis,0.603,0.485,0.72,3,0.5,0.617,0.47,0.765,5,0.5,0.61,NA,NA,NA,0.61,3,0.5,0.295,0.5,0.432,0.5,"similar spp: Drew et al. 2005; MUPE: Clay et al. 2017, BEPE: Raine et al. 2021",0.002,0.001,0.01,5,0.167,0.009,0.5,0.225,1,0.5,"similar spp: NOFU: Bradbury et al. 2014, Cook et al. 2012, Deakin et al. 2022, Furness et al. 2013, Johnston et al. 2014",0.39,0.28,0.5,2,0.667,0.22,0.5,0.462,1,0.5,similar spp: Cook et al. 2012; NOFU: Krijgsveld et al. 2011,0.00074,0.045,5.67,0.125
6400,Alcids,Craveris Murrelet,CRMU,Synthliboramphus craveri,0.027,0.001,0.054,2,0.5,0.19,0.18,0.2,1,0.5,0.109,NA,0.033,0.038,0.109,6,0,0.02,0.5,0.173,0.5,"Adams et al. 2016, Drew et al. 2005, Takekawa et al. 2017; similar spp: COMU: Dunn et al. 2020; LIAU: Jakubas et al. 2014; RAZO: Benvenuti et al. 2001",0.02,0.003,0.03,4,0.333,0.027,0.5,0.287,1,0.5,"similar spp: LIAU: Bradbury et al. 2014, Cook et al. 2012, Johnston et al. 2014; COMU: Furness et al. 2013",0.68,0.45,0.72,7,0,0.27,0.5,0.257,1,0.25,"similar spp: alcids: Cook et al. 2012, Krijgsveld et al. 2011; COMU: Peschko et al. 2020a, Peschko et al. 2020b, Vanermen et al. 2016, Vanermen et al. 2017, Vanermen et al. 2022",0.0007,0.013,3.67,0.063
6774,Loons,Common Loon,COLO,Gavia immer,0.001,0,NA,1,0.5,0.115,0.07,0.16,2,0.5,0.058,NA,NA,NA,0.058,5,0.167,0.09,0.5,0.252,0.5,"Adams et al. 2016, Drew et al. 2005, Paruk et al. 2008, Takekawa et al. 2017; similar spp: RTLO: Heinanen et al. 2020",0.061,0.05,0.13,5,0.167,0.08,0.5,0.249,3,0.5,"similar spp: RTLO: Bradbury et al. 2014, Cook et al. 2012, Furness et al. 2013, Johnston et al. 2014, Thaxter et al. 2015",0.81,0.6,0.94,5,0.167,0.34,0.5,0.336,1,0.1,"similar spp: divers: Cook et al. 2012, Garthe et al. 2023, Krijgsveld et al. 2011, Welcker and Nehls 2016; RTLO: Vanermen et al. 2022",0.00067,0.021,3.33,0.025
7038,Shearwaters,Pink-footed Shearwater,PFSH,Ardenna creatopus,0.32,0.32,NA,3,0.5,0.62,0.42,0.64,3,0.5,0.47,NA,0.18,0.78,0.47,4,0.333,0.22,0.25,0.268,0.5,"Adams et al. 2016, Carle et al. 2019, Drew et al. 2005, Takekawa et al. 2017",0.002,0,0.052,5,0.167,0.052,0.5,0.24,1,0.5,"similar spp: WTSH: Adams et al. 2020, MASH: Bradbury et al. 2014, Cook et al. 2012, Johnston et al. 2014; SCSH: Courbin et al. 2023",0.39,0.28,0.5,2,0.667,0.22,0.5,0.462,1,0.5,similar spp: Cook et al. 2012; NOFU: Krijgsveld et al. 2011,0.0006,0.03,5,0.125
6932,Petrels and Fulmars,Northern Fulmar,NOFU,Fulmarus glacialis rodgersii,0.28,0.28,NA,4,0.25,0.54,0.54,NA,2,0.25,0.41,NA,NA,NA,0.41,2,0.667,0,0.5,0.389,0.25,"Drew et al. 2005, similar spp: PFSH: Carle et al. 2019",0.002,0.001,0.01,5,0.167,0.009,0.25,0.142,1,0.1,"Bradbury et al. 2014, Cook et al. 2012, Deakin et al. 2022, Furness et al. 2013, Johnston et al. 2014",0.28,0.28,NA,1,0.833,0,0.25,0.361,1,0.25,Krijgsveld et al. 2011,0.00059,0.02,5.33,0.006
6398,Alcids,Guadalupe Murrelet,GUMU,Synthliboramphus hypoleucus,0.027,0,0.054,2,NA,0.155,0.13,0.18,1,NA,0.091,NA,0.033,0.038,0.091,6,0,0.05,0.5,0.183,0,"Adams et al. 2016, Drew et al. 2005, Takekawa et al. 2017; similar spp: COMU: Dunn et al. 2020; LIAU: Jakubas et al. 2014; RAZO: Benvenuti et al. 2001",0.02,0.003,0.03,4,0.333,0.027,0.5,0.287,1,0.5,"similar spp: LIAU: Bradbury et al. 2014, Cook et al. 2012, Johnston et al. 2014; COMU: Furness et al. 2013",0.68,0.18,0.72,7,0,0.54,0.5,0.347,1,0.25,"similar spp: alcids: Cook et al. 2012, Krijgsveld et al. 2011; COMU: Vanermen et al. 2016, Vanermen et al. 2017, Peschko et al. 2020a, Peschko et al. 2020b, Vanermen et al. 2022",0.00058,0.018,NA,0
6398,Alcids,Scrippss Murrelet,SCMU,Synthliboramphus hypoleucus,0.027,0.001,0.054,2,0.5,0.145,0.11,0.18,1,0.5,0.086,NA,0.033,0.038,0.086,6,0,0.07,0.5,0.19,NA,"Adams et al. 2016, Drew et al. 2005, Takekawa et al. 2017; similar spp: COMU: Dunn et al. 2020; LIAU: Jakubas et al. 2014; RAZO: Benvenuti et al. 2001",0.02,0.003,0.03,4,0.333,0.027,0.5,0.287,1,0.5,"similar spp: LIAU: Bradbury et al. 2014, Cook et al. 2012, Johnston et al. 2014; COMU: Furness et al. 2013",0.68,0.45,0.72,7,0,0.27,0.5,0.257,1,0.25,"similar spp: alcids: Cook et al. 2012, Krijgsveld et al. 2011; COMU: Peschko et al. 2020a, Peschko et al. 2020b, Vanermen et al. 2016, Vanermen et al. 2017, Vanermen et al. 2022",0.00055,0.014,3.67,0
6953,Petrels and Fulmars,Murphys Petrel,MUPE,Pterodroma ultima,NA,NA,NA,5,0.5,NA,NA,NA,5,0.5,NA,0.4,0.4,NA,0.4,1,0.833,0,0.25,0.361,0.5,Bonnet-Lebrun et al. 2021,0.002,0.001,0.01,5,0.167,0.009,0.5,0.225,1,0.5,"similar spp: NOFU: Bradbury et al. 2014, Cook et al. 2012, Deakin et al. 2022, Furness et al. 2013, Johnston et al. 2014",0.39,0.28,0.5,2,0.667,0.22,0.5,0.462,1,0.5,similar spp: Cook et al. 2012; NOFU: Krijgsveld et al. 2011,0.00049,0.038,7,0.125
7045,Shearwaters,Bullers Shearwater,BULS,Ardenna bulleri,0.3,0.28,0.32,3,0.5,0.66,0.5,0.82,3,0.5,0.48,0.22,0.18,0.33,0.35,7,0,0.32,0.5,0.273,0.5,"Adams et al. 2016, Drew et al. 2005,  Takekawa et al. 2017; similar spp: Bonnet-Lebrun et al. 2021, MASH: Dean et al. 2013, WTSH: Adams et al. 2020, PFSH: Carle et al. 2019",0.002,0,0.052,5,0.167,0.052,0.5,0.24,1,0.5,"similar spp: WTSH: Adams et al. 2020, MASH: Bradbury et al. 2014, Cook et al. 2012, Johnston et al. 2014; SCSH: Courbin et al. 2023",0.39,0.28,0.5,2,0.667,0.22,0.5,0.462,1,0.5,similar spp: Cook et al. 2012; NOFU: Krijgsveld et al. 2011,0.00045,0.03,5,0.125
7067,Shearwaters,Black-vented Shearwater,BVSH,Puffinus opisthomelas,0.3,0.28,0.32,3,0.5,0.653,0.36,0.945,3,0.5,0.476,0.22,0.18,0.33,0.348,7,0,0.585,0.5,0.362,0.5,"Adams et al. 2016, Drew et al. 2005, Takekawa et al. 2017; similar spp: Bonnet-Lebrun et al. 2021, MASH: Dean et al. 2013; WTSH: Adams et al. 2020; PFSH: Carle et al. 2019",0.002,0,0.052,5,0.167,0.052,0.5,0.24,1,0.5,"similar spp: WTSH: Adams et al. 2020, MASH: Bradbury et al. 2014, Cook et al. 2012, Johnston et al. 2014; SCSH: Courbin et al. 2023",0.39,0.28,0.5,2,0.667,0.22,0.5,0.462,1,0.5,similar spp: Cook et al. 2012; NOFU: Krijgsveld et al. 2011,0.00045,0.04,5,0.125
6966,Petrels and Fulmars,Mottled Petrel,MOPE,Pterodroma inexpectata,NA,NA,NA,3,0.5,NA,NA,NA,5,0.5,NA,0.36,0.36,NA,0.36,1,0.833,0,0.5,0.444,0.5,similar spp: Bonnet-Lebrun et al. 2021,0.002,0.001,0.01,5,0.167,0.009,0.5,0.225,1,0.5,"similar spp: NOFU: Bradbury et al. 2014, Cook et al. 2012, Deakin et al. 2022, Furness et al. 2013, Johnston et al. 2014",0.39,0.28,0.5,2,0.667,0.22,0.5,0.462,1,0.5,similar spp: Cook et al. 2012; NOFU: Krijgsveld et al. 2011,0.00044,0.046,5.67,0.125
6983,Petrels and Fulmars,Cooks Petrel,COPE,Pterodroma cookii,NA,NA,NA,4,0.5,NA,NA,NA,5,0.5,NA,0.36,0.36,NA,0.36,3,0.5,0,0.25,0.25,0.5,"Bonnet-Lebrun et al. 2021, Carboneras et al. 2020d, Drew et al. 2005",0.002,0.001,0.01,5,0.167,0.009,0.5,0.225,1,0.5,"similar spp: NOFU: Bradbury et al. 2014, Cook et al. 2012, Deakin et al. 2022, Furness et al. 2013, Johnston et al. 2014",0.39,0.28,0.5,2,0.667,0.22,0.5,0.462,1,0.5,similar spp: Cook et al. 2012; NOFU: Krijgsveld et al. 2011,0.00044,0.026,6.33,0.125
7039,Shearwaters,Flesh-footed Shearwater,FFSH,Ardenna carneipes,0.32,0.32,NA,3,0.5,0.72,0.72,NA,3,0.5,0.52,0.33,0.33,NA,0.33,5,0.167,0,0.5,0.222,0.5,"Adams et al. 2016, Bonnet-Lebrun et al. 2021, Drew et al. 2005, Takekawa et al. 2017; similar spp: PFSH: Carle et al. 2019",0.002,0,0.052,5,0.167,0.052,0.5,0.24,1,0.5,"similar spp: WTSH: Adams et al. 2020, MASH: Bradbury et al. 2014, Cook et al. 2012, Johnston et al. 2014; SCSH: Courbin et al. 2023",0.39,0.28,0.5,2,0.667,0.22,0.5,0.462,1,0.5,similar spp: Cook et al. 2012; NOFU: Krijgsveld et al. 2011,0.00042,0.025,5.33,0.125
7053,Shearwaters,Manx Shearwater,MASH,Puffinus puffinus,0.3,0.3,NA,3,0.25,0.72,0.72,NA,3,0.25,0.51,0.18,0.18,NA,0.345,2,0.667,0,0.25,0.306,0.25,"Bonnet-Lebrun et al. 2021, Dean et al. 2013",0.002,0,0,4,0.333,0,0.25,0.195,1,0.5,"Bradbury et al. 2014, Cook et al. 2012, Johnston et al. 2014, Johnston and Cook 2016",0.39,0.28,0.5,2,0.667,0.22,0.5,0.462,1,0.25,similar spp: Cook et al. 2012; NOFU: Krijgsveld et al. 2011,0.00042,0.027,5,0.031
6355,Alcids,Marbled Murrelet,MAMU,Brachyramphus marmoratus,0.027,0.001,0.054,2,0.5,0.085,0.08,0.09,1,0.5,0.056,NA,0.033,0.038,0.056,7,0,0.01,0.5,0.17,0.5,"Drew et al. 2005, Felis et al. 2023, Nelson 2020; similar spp: COMU: Dunn et al. 2020; LIAU: Jakubas et al. 2014; RAZO: Benvenuti et al. 2001",0.02,0.003,0.03,4,0.333,0.027,0.5,0.287,1,0.5,"similar spp: LIAU: Bradbury et al. 2014, Cook et al. 2012, Johnston et al. 2014; COMU: Furness et al. 2013",0.68,0.45,0.72,7,0,0.27,0.5,0.257,1,0.25,"similar spp: alcids: Cook et al. 2012, Krijgsveld et al. 2011; COMU: Peschko et al. 2020a, Peschko et al. 2020b, Vanermen et al. 2016, Vanermen et al. 2017, Vanermen et al. 2022",0.00036,0.013,3.67,0.063
7047,Shearwaters,Short-tailed Shearwater,STTS,Ardenna tenuirostris,0.2,0.2,NA,3,0.5,0.4,0.4,NA,3,0.5,0.3,0.2,0.2,NA,0.25,5,0.167,0,0.5,0.222,0.5,"Bonnet-Lebrun et al. 2021, Drew et al. 2005; similar spp: MASH: Dean et al. 2013, WTSH: Adams et al. 2020, PFSH: Carle et al. 2019",0.002,0,0.052,5,0.167,0.052,0.5,0.24,1,0.5,"similar spp: WTSH: Adams et al. 2020, MASH: Bradbury et al. 2014, Cook et al. 2012, Johnston et al. 2014; SCSH: Courbin et al. 2023",0.39,0.28,0.5,2,0.667,0.22,0.5,0.462,1,0.5,similar spp: Cook et al. 2012; NOFU: Krijgsveld et al. 2011,0.00032025,0.025,5,0.125
690,Sea Ducks,White-winged Scoter,WWSC,Melanitta deglandi,0.1,NA,NA,3,0,0.1,0.1,NA,3,0.25,0.1,NA,NA,NA,0.1,4,0.333,0,0.25,0.194,0.125,"Adams et al. 2016, Brown and Fredrickson 2020, Drew et al. 2005, Takekawa et al. 2017",0.03,0.01,0.16,5,0.167,0.15,0.5,0.272,3,0.5,"similar spp: COSC: Bradbury et al. 2014, Cook et al. 2012, Johnston et al. 2014, Thaxter et al. 2015; COSC/VESC: Furness et al. 2013",0.9,0.9,NA,1,0.833,0,0.5,0.444,1,0.25,similar spp: COSC: Bradbury et al. 2014,0.0003,0.024,7,0.016
696,Sea Ducks,Black Scoter,BLSC,Melanitta americana,0.09,NA,NA,3,0.5,0.09,0.09,NA,3,0.5,0.09,NA,NA,NA,0.09,3,0.5,0,0.25,0.25,0.5,"Adams et al. 2016, Drew et al. 2005, Takekawa et al. 2017",0.03,0.01,0.16,5,0.167,0.15,0.5,0.272,3,0.5,"similar spp: COSC: Bradbury et al. 2014, Cook et al. 2012, Johnston et al. 2014, Thaxter et al. 2015; COSC/VESC: Furness et al. 2013",0.9,0.9,NA,1,0.833,0,0.5,0.444,1,0.25,similar spp: COSC: Bradbury et al. 2014,0.00027,0.03,7,0.063
7046,Shearwaters,Sooty Shearwater,SOSH,Ardenna grisea,0.105,0.11,NA,3,0.25,0.21,0.17,0.25,3,0.25,0.158,0.24,0.24,NA,0.199,8,0,0.08,0.5,0.193,0.25,"Adams et al. 2016, Bonnet-Lebrun et al. 2021, Drew et al. 2005, Takekawa et al. 2017; similar spp: MASH: Dean et al. 2013, WTSH: Adams et al. 2020, Ravache et al. 2020, PFSH: Carle et al. 2019",0.002,0,0.052,5,0.167,0.052,0.5,0.24,1,0.5,"similar spp: WTSH: Adams et al. 2020, MASH: Bradbury et al. 2014, Cook et al. 2012, Johnston et al. 2014; SCSH: Courbin et al. 2023",0.39,0.28,0.5,2,0.667,0.22,0.5,0.462,1,0.5,similar spp: Cook et al. 2012; NOFU: Krijgsveld et al. 2011,0.00026,0.021,5,0.063
6364,Alcids,Pigeon Guillemot,PIGU,Cepphus columba,0.027,0.001,0.054,1,0.5,0.115,0.11,0.12,1,0.5,0.071,NA,0.008,0.063,0.071,6,0,0.01,0.5,0.17,0.5,"Adams et al. 2016, Drew et al. 2005, Ewins 2020, Takekawa et al. 2017; similar spp: COMU: Linnebjerg et al. 2015; RAZO: Benvenuti et al. 2001",0.01,0.008,0.01,3,0.5,0.002,0.5,0.334,1,0.5,"similar spp: COMU: Bradbury et al. 2014, Furness et al. 2013, Robinson Willmott et al. 2013",0.68,0.45,0.72,7,0,0.27,0.5,0.257,1,0.25,"similar spp: alcids: Cook et al. 2012, Krijgsveld et al. 2011; COMU: Peschko et al. 2020a, Peschko et al. 2020b, Vanermen et al. 2016, Vanermen et al. 2017, Vanermen et al. 2022",0.00023,0.015,3,0.063
688,Sea Ducks,Surf Scoter,SUSC,Melanitta perspicillata,0.065,NA,NA,3,0.25,0.065,0.03,0.1,3,0.5,0.065,NA,NA,NA,0.065,4,0.333,0.07,0.25,0.218,0.375,"Adams et al. 2016, Anderson et al. 2020, Drew et al. 2005, Takekawa et al. 2017",0.03,0.01,0.16,5,0.167,0.15,0.5,0.272,3,0.5,"similar spp: COSC: Bradbury et al. 2014, Cook et al. 2012, Johnston et al. 2014, Thaxter et al. 2015; COSC/VESC: Furness et al. 2013",0.9,0.9,NA,1,0.833,0,0.5,0.444,1,0.25,similar spp: COSC: Bradbury et al. 2014,0.00019,0.026,7,0.047
6384,Alcids,Common Murre,COMU,Uria aalge,0.001,0.001,0.054,2,0.5,0.09,0.033,0.12,1,0.5,0.046,0.029,0.028,0.03,0.037,6,0,0.087,0.25,0.112,0.5,"Adams et al. 2016, Drew et al. 2005, Dunn et al. 2020, Linnebjerg et al. 2015, Takekawa et al. 2017; similar spp: RAZO: Benvenuti et al. 2001",0.01,0.008,0.01,3,0.5,0.002,0.25,0.251,1,0.5,"Bradbury et al. 2014, Furness et al. 2013, Robinson Willmott et al. 2013",0.69,0.63,0.72,5,0.167,0.09,0.25,0.169,1,0.1,"Peschko et al. 2020a, Peschko et al. 2020b, Vanermen et al. 2016, Vanermen et al. 2017, Vanermen et al. 2022",0.00012,0.005,3.67,0.025
6338,Alcids,Tufted Puffin,TUPU,Fratercula cirrhata,0.027,0.001,0.054,1,0.5,0.189,0.057,0.34,1,0.5,0.108,NA,0.008,0.063,0.108,5,0.167,0.283,0.5,0.317,0.5,"Drew et al. 2005; similar spp: COMU: Dunn et al. 2020, Linnebjerg et al. 2015; RAZO: Benvenuti et al. 2001; RHAU: Kato et al. 2003",0.001,0,0.005,3,0.5,0.005,0.5,0.335,1,0.5,"similar spp: ATPU: Bradbury et al. 2014, Cook et al. 2012, Johnston et al. 2014",0.68,0.45,0.72,7,0,0.27,0.5,0.257,1,0.25,"similar spp: alcids: Cook et al. 2012, Krijgsveld et al. 2011; COMU: Peschko et al. 2020a, Peschko et al. 2020b, Vanermen et al. 2016, Vanermen et al. 2017, Vanermen et al. 2022",0.00003,0.027,3,0.063
6343,Alcids,Horned Puffin,HOPU,Fratercula corniculata,0.027,0.001,0.054,1,0.5,0.189,0.057,0.32,1,0.5,0.108,NA,0.008,0.063,0.108,5,0.167,0.263,0.5,0.31,0.5,"Drew et al. 2005; similar spp: COMU: Dunn et al. 2020, Linnebjerg et al. 2015; RAZO: Benvenuti et al. 2001; RHAU: Kato et al. 2003",0.001,0,0.005,3,0.5,0.005,0.5,0.335,1,0.5,"similar spp: ATPU: Bradbury et al. 2014, Cook et al. 2012, Johnston et al. 2014",0.68,0.45,0.72,7,0,0.27,0.5,0.257,1,0.25,"similar spp: alcids: Cook et al. 2012, Krijgsveld et al. 2011; COMU: Peschko et al. 2020a, Peschko et al. 2020b, Vanermen et al. 2016, Vanermen et al. 2017, Vanermen et al. 2022",0.00003,0.027,3,0.063
6337,Alcids,Rhinoceros Auklet,RHAU,Cerorhinca monocerata,0.027,0.001,0.054,2,0.5,0.094,0.057,0.25,1,0.5,0.061,NA,0.008,0.063,0.061,7,0,0.193,0.5,0.231,0.5,"Adams et al. 2016, Drew et al. 2005, Kato et al. 2003, Takekawa et al. 2017; similar spp: COMU: Dunn et al. 2020, Linnebjerg et al. 2015; RAZO: Benvenuti et al. 2001",0.001,0,0.005,3,0.5,0.005,0.5,0.335,1,0.5,"similar spp: ATPU: Bradbury et al. 2014, Cook et al. 2012, Johnston et al. 2014",0.68,0.45,0.72,7,0,0.27,0.5,0.257,1,0.25,"similar spp: alcids: Cook et al. 2012, Krijgsveld et al. 2011; COMU: Peschko et al. 2020a, Peschko et al. 2020b, Vanermen et al. 2016, Vanermen et al. 2017, Vanermen et al. 2022",0.00002,0.02,3.67,0.063
