"common_name","exp_ci","CV","DV","rl_category","ess_ci","pri_rank","rank_range"
"Pink-footed Shearwater","0.811 (0.600, 1.082)",0.001,0.204,"VU","1.672 (0.632, 2.992)",1,"1 (1-4)"
"Cassin's Auklet","0.545 (0.257, 0.772)",0.001,0.518,"NT","1.106 (0.277, 2.605)",2,"2 (1-12)"
"Red Phalarope","0.275 (0.159, 0.500)",0.159,0.195,"LC","0.781 (0.430, 1.906)",3,"3 (1-8)"
"Red-necked Phalarope","0.275 (0.159, 0.500)",0.153,0.195,"LC","0.719 (0.396, 1.757)",4,"4 (1-9)"
"South Polar Skua","0.785 (0.397, 1.239)",0.012,0.038,"LC","0.543 (0.091, 1.038)",5,"5 (2-36)"
"Buller's Shearwater","0.511 (0.313, 0.707)",0,0.181,"VU","0.444 (0.168, 0.935)",6,"6 (3-19)"
"Ashy Storm-Petrel","0.287 (0.236, 0.351)",0.006,0.369,"EN","0.426 (0.338, 0.557)",7,"7 (5-11)"
"Guadalupe Murrelet","0.177 (0.132, 0.233)",0.001,0.537,"EN","0.416 (0.341, 0.528)",8,"8 (5-11)"
"Pomarine Jaeger","0.699 (0.472, 1.039)",0.014,0.02,"LC","0.379 (0.122, 1.000)",9,"9 (2-27)"
"Craveri's Murrelet","0.177 (0.132, 0.233)",0.001,0.589,"VU","0.348 (0.286, 0.442)",10,"10 (7-13)"
"Bonaparte's Gull","0.486 (0.202, 1.480)",0.013,0.2,"LC","0.346 (0.066, 1.771)",11,"11 (1-41)"
"Rhinoceros Auklet","0.423 (0.265, 0.601)",0,0.408,"LC","0.301 (0.141, 0.608)",12,"12 (4-21)"
"Scripps's Murrelet","0.177 (0.132, 0.233)",0.001,0.537,"VU","0.294 (0.241, 0.374)",13,"13 (9-16)"
"Northern Fulmar","0.584 (0.322, 0.798)",0.001,0.137,"LC","0.268 (0.076, 0.605)",14,"14 (5-35)"
"Black-footed Albatross","0.457 (0.227, 0.791)",0.01,0.131,"NT","0.261 (0.080, 0.936)",15,"15 (4-34)"
"Marbled Murrelet","0.050 (0.035, 0.065)",0,0.555,"EN","0.252 (0.236, 0.269)",16,"16 (11-17)"
"Sabine's Gull","0.483 (0.233, 0.781)",0.013,0.155,"LC","0.247 (0.066, 0.713)",17,"17 (3-40)"
"Short-tailed Albatross","0.288 (0.016, 0.650)",0.011,0.162,"VU","0.240 (0.050, 0.791)",18,"18 (4-45)"
"Black Scoter","0.024 (0.011, 0.045)",0,0.78,"NT","0.231 (0.218, 0.253)",19,"19 (13-19)"
"Townsend's Storm-Petrel","0.144 (0.031, 0.255)",0.005,0.371,"EN","0.231 (0.137, 0.364)",20,"20 (10-23)"
"Hawaiian Petrel","0.113 (0.008, 0.607)",0.001,0.26,"EN","0.195 (0.082, 1.107)",21,"21 (3-37)"
"Sooty Shearwater","0.340 (0.087, 0.521)",0,0.209,"NT","0.158 (0.049, 0.321)",22,"22 (11-49)"
"Pigeon Guillemot","0.147 (0.116, 0.176)",0,0.583,"LC","0.149 (0.129, 0.168)",23,"23 (17-25)"
"White-winged Scoter","0.024 (0.011, 0.045)",0,0.736,"LC","0.142 (0.134, 0.155)",24,"24 (18-25)"
"Surf Scoter","0.024 (0.011, 0.045)",0,0.736,"LC","0.142 (0.134, 0.155)",25,"25 (19-26)"
"Black-legged Kittiwake","0.216 (0.074, 0.386)",0.028,0.093,"VU","0.133 (0.066, 0.259)",26,"26 (14-38)"
"Yellow-billed Loon","0.108 (0.038, 0.148)",0.002,0.464,"NT","0.125 (0.091, 0.147)",27,"27 (20-34)"
"Red-throated Loon","0.095 (0.070, 0.157)",0.002,0.57,"LC","0.117 (0.104, 0.152)",28,"28 (20-32)"
"Brown Pelican","0.076 (0.055, 0.098)",0.011,0.553,"LC","0.116 (0.105, 0.127)",29,"29 (23-31)"
"Common Loon","0.157 (0.030, 0.253)",0.001,0.476,"LC","0.113 (0.063, 0.168)",30,"30 (18-41)"
"Pacific Loon","0.108 (0.038, 0.148)",0.002,0.532,"LC","0.111 (0.081, 0.130)",31,"31 (23-36)"
"California Gull","0.230 (0.025, 0.349)",0.05,0.129,"LC","0.106 (0.041, 0.168)",32,"32 (18-50)"
"Elegant Tern","0.127 (0.094, 0.162)",0.02,0.308,"NT","0.105 (0.091, 0.122)",33,"33 (25-34)"
"Iceland Gull","0.259 (0.162, 0.398)",0.05,0.055,"LC","0.093 (0.059, 0.164)",34,"34 (19-43)"
"Glaucous-winged Gull","0.158 (0.056, 0.208)",0.066,0.127,"LC","0.092 (0.059, 0.114)",35,"35 (27-42)"
"Arctic Tern","0.230 (0.148, 0.348)",0.003,0.288,"LC","0.088 (0.060, 0.143)",36,"36 (20-43)"
"American Herring Gull","0.259 (0.162, 0.398)",0.037,0.055,"LC","0.078 (0.049, 0.136)",37,"37 (24-46)"
"Heermann's Gull","0.067 (0.024, 0.113)",0.05,0.144,"NT","0.074 (0.061, 0.090)",38,"38 (33-43)"
"Leach's Storm-Petrel","0.062 (0.019, 0.136)",0.008,0.228,"VU","0.073 (0.060, 0.100)",39,"39 (32-43)"
"Ancient Murrelet","0.047 (0.002, 0.089)",0.001,0.494,"LC","0.073 (0.060, 0.088)",40,"40 (33-43)"
"Caspian Tern","0.074 (0.025, 0.113)",0.015,0.392,"LC","0.073 (0.058, 0.085)",41,"41 (34-43)"
"Black Storm-Petrel","0.161 (0.093, 0.232)",0.006,0.279,"LC","0.065 (0.048, 0.088)",42,"42 (33-46)"
"Black-vented Shearwater","0.117 (0.054, 0.197)",0,0.228,"NT","0.060 (0.045, 0.084)",43,"43 (35-49)"
"Tufted Puffin","0.099 (0.040, 0.147)",0,0.331,"LC","0.054 (0.041, 0.066)",44,"44 (41-51)"
"Long-tailed Jaeger","0.239 (0.137, 0.375)",0.015,0.037,"LC","0.049 (0.031, 0.086)",45,"45 (35-53)"
"Fork-tailed Storm-Petrel","0.126 (0.047, 0.291)",0.006,0.227,"LC","0.049 (0.033, 0.096)",46,"46 (33-53)"
"Parasitic Jaeger","0.239 (0.137, 0.375)",0.014,0.037,"LC","0.048 (0.030, 0.084)",47,"47 (34-54)"
"Cook's Petrel","0.011 (0.002, 0.020)",0,0.196,"VU","0.047 (0.046, 0.049)",48,"48 (44-49)"
"Common Murre","0.071 (0.033, 0.114)",0,0.326,"LC","0.047 (0.039, 0.056)",49,"49 (43-52)"
"Western Gull","0.158 (0.056, 0.208)",0.026,0.077,"LC","0.045 (0.028, 0.055)",50,"50 (44-54)"
"Western Grebe","0.038 (0.019, 0.065)",0.001,0.342,"LC","0.043 (0.040, 0.049)",51,"51 (46-52)"
"Clark's Grebe","0.038 (0.019, 0.065)",0.001,0.342,"LC","0.043 (0.040, 0.049)",52,"52 (46-52)"
"Murphy's Petrel","0.055 (0.013, 0.172)",0,0.208,"LC","0.031 (0.025, 0.050)",53,"53 (46-57)"
"Pelagic Cormorant","0.082 (0.055, 0.109)",0.001,0.159,"LC","0.029 (0.026, 0.033)",54,"54 (52-57)"
"Laysan Albatross","0.022 (0.005, 0.066)",0.011,0.085,"NT","0.029 (0.026, 0.034)",55,"55 (52-56)"
"Double-crested Cormorant","0.077 (0.014, 0.137)",0.002,0.154,"LC","0.028 (0.021, 0.036)",56,"56 (52-57)"
"Brandt's Cormorant","0.060 (0.030, 0.108)",0.001,0.124,"LC","0.024 (0.021, 0.029)",57,"57 (54-57)"
"Brant","NA (NA, NA)",0.068,0.521,"LC","NA (NA, NA)",NA,"NA (NA-NA)"
"Harlequin Duck","NA (NA, NA)",0.005,0.698,"LC","NA (NA, NA)",NA,"NA (NA-NA)"
"Forster's Tern","NA (NA, NA)",0.015,0.381,"LC","NA (NA, NA)",NA,"NA (NA-NA)"
"Ring-billed Gull","NA (NA, NA)",0.05,0.134,"LC","NA (NA, NA)",NA,"NA (NA-NA)"
"Short-billed Gull","NA (NA, NA)",0.05,0.183,"LC","NA (NA, NA)",NA,"NA (NA-NA)"
"Black Skimmer","NA (NA, NA)",0.015,0.589,"LC","NA (NA, NA)",NA,"NA (NA-NA)"
"Least Tern","NA (NA, NA)",0.012,0.381,"LC","NA (NA, NA)",NA,"NA (NA-NA)"
"Red-billed Tropicbird","NA (NA, NA)",0.171,0.184,"LC","NA (NA, NA)",NA,"NA (NA-NA)"
"Eared Grebe","NA (NA, NA)",0.002,0.338,"LC","NA (NA, NA)",NA,"NA (NA-NA)"
"Red-necked Grebe","NA (NA, NA)",0.002,0.338,"LC","NA (NA, NA)",NA,"NA (NA-NA)"
"Mottled Petrel","NA (NA, NA)",0,0.299,"NT","NA (NA, NA)",NA,"NA (NA-NA)"
"Masked Booby","NA (NA, NA)",0.005,0.75,"LC","NA (NA, NA)",NA,"NA (NA-NA)"
"Nazca Booby","NA (NA, NA)",0.006,0.75,"LC","NA (NA, NA)",NA,"NA (NA-NA)"
"Blue-footed Booby","NA (NA, NA)",0.006,0.75,"LC","NA (NA, NA)",NA,"NA (NA-NA)"
"Coco's Booby","NA (NA, NA)",0.006,0.75,"LC","NA (NA, NA)",NA,"NA (NA-NA)"
"Red-footed Booby","NA (NA, NA)",0.011,0.678,"LC","NA (NA, NA)",NA,"NA (NA-NA)"
